あべの松井クリニック,大阪市阿倍野区阿倍野筋１－５－３１　アポロビル５Ｆ,06-6647-2223,一般,
医療法人　吉田医院,大阪市阿倍野区阿倍野元町５―２２,06-6622-4709,一般,１２歳以上接種対応可
小松クリニック,大阪市阿倍野区王子町１―１０―２,06-6622-3258,一般,
医療法人山田医院,大阪市阿倍野区王子町二丁目１２番１４号,06-6622-3166,一般,１２歳以上接種対応可
潮見クリニック,大阪市阿倍野区阪南町１―３５―８,06-6627-3250,一般,１２歳以上接種対応可
いのうえ小児科　阪南クリニック,大阪市阿倍野区阪南町４－２－２０,,一般,１２歳以上接種対応可
医療法人西山会　にしやま消化器内科,大阪市阿倍野区阪南町５－２３－１８　ＨＩＫＡＲＩ　ＢＬＤ．,"医院のホームページ
からのみ予約受付",一般,
勇村医院,大阪市阿倍野区阪南町5-25-17,06-6691-2021,一般,
河島クリニック,大阪市阿倍野区三明町１―３―２６,06-7503-9862,一般,
すずかけの木クリニック,大阪市阿倍野区松崎町２－３－３７　松崎グリーンハイツ１０４,050-5305-5407,一般,
医療法人万代会　武田内科クリニック,大阪市阿倍野区松崎町２－９－５　セレスタ阿部野松崎１０３号,06-6480-9501,一般,
ふじわら眼科クリニック,大阪市阿倍野区西田辺町1-17-1 帝塚山クレバービル２F,06-6692-8957,一般,
すが内科クリニック,大阪市阿倍野区帝塚山１－６－２７　ルドウ・レスパスＭ３６,06-6625-0222,一般,
医療法人　西川医院,大阪市阿倍野区天王寺町北２―１６―１０,06-6714-5218,一般,
医療法人久保田医院,大阪市阿倍野区天王寺町北３―９―１８,06-6719-3277,一般,１２歳以上接種対応可
うさみクリニック,大阪市阿倍野区播磨町１―１９―９,06-6626-6533,一般,
医療法人馨秋会秋山内科,大阪市旭区高殿３―１５―１８,06-6953-3335,一般,１６歳以上接種対応可
髙垣医院,大阪市旭区今市2-15-6,06-6951-5105,一般,
斉藤医院,大阪市旭区新森2丁目2番6号,06-6955-5076,一般,
医療法人清水会　ミズノ胃腸科内科外科,大阪市旭区新森３―３―３１,06-6952-5058,一般,１２歳以上接種対応可
あおばおうちクリニック,大阪市旭区森小路１－１１－１０,070-1486-6611,一般,
医療法人たにぐちクリニック,大阪市旭区森小路２－３－２７　サンハイツ１階,06-6951-1717,一般,
服部医院,大阪市旭区森小路２―１８―１,070-8358-3839,一般,１２歳以上接種対応可
井口診療所,大阪市旭区森小路２―１８―４,06-6953-6789,一般,１２歳以上接種対応可
医療法人双樹会守上クリニック,大阪市旭区生江１―９ー１８,06-6927-1666,一般,
いくえ城北公園クリニック,大阪市旭区生江３－２８－２７,06-6923-2645,一般,１２歳以上接種対応可
医療法人輝晃会　北村医院,大阪市旭区赤川４ー１７ー５,06-6921-4061,一般,１２歳以上接種対応可
医療法人　榊原クリニック,大阪市旭区赤川二丁目１４番５号,06-6921-3037,一般,１２歳以上接種対応可
医療法人　永寿会　福島病院,大阪市旭区千林２―４―２２,06-6953-2940,一般,
医療法人桜医会　さくらクリニック,大阪市旭区大宮１―１３―９,06-6954-0707,一般,１２歳以上接種対応可
しまだ循環器・糖尿病内科クリニック,大阪市旭区大宮２－１７－１４　アイリス千林大宮３階,06-6958-5575,一般,１６歳以上接種対応可
龍神堂医院,大阪市港区港晴3-2-7,06-6571-0030,一般,１２歳以上接種対応可
古林内科,大阪市港区港晴三丁目１番８号ヴォーンルーエマンモス１階,06-6572-2332,一般,１２歳以上接種対応可
医療法人ゆうあい会宮岡クリニック,大阪市港区市岡１―１４―１６,06-6571-3506,一般,１２歳以上接種対応可
社会福祉法人秀生会　ザイオン大阪港クリニック,大阪市港区築港1丁目9番7号,06-6576-8802,一般,
医療法人　生野内科クリニック,大阪市港区波除２―９―１２,06-6581-4181,一般,１２歳以上接種対応可
医療法人隆明会　やぎクリニック,大阪市港区八幡屋１－１１－１０　シカタビル２階,06-6599-1131,一般,
医療法人三愛会 中山整形外科,大阪市港区弁天４－５－３,06-6573-9585,一般,
医療法人誠昌会　えさきクリニック,大阪市港区夕凪2-16-9　ポートビル1階,06-6599-0115,一般,１２歳以上接種対応可
内科クリニック大西循環器科消化器科,大阪市此花区四貫島1-5-11セントビル3階,06-6464-9330,一般,
やまさきクリニック,大阪市此花区四貫島１－９－１０ セントラルプラザ２Ｆ,06-6462-1212,一般,
医療法人寛友会　菊守耳鼻咽喉科,大阪市此花区四貫島１―９―１０ セントラルプラザ２階,06-6462-8711,一般,１２歳以上接種対応可
医療法人小山医院,大阪市此花区春日出中2-16-23,080-5786-4941,一般,１２歳以上接種対応可
はやしだ診療所,大阪市此花区春日出中2-17-8,06-6463-3299,一般,
医療法人　板東医院,大阪市此花区春日出中２―１８―２２,06-6461-4295,一般,１２歳以上接種対応可
医療法人島村診療所,大阪市此花区春日出北２ー１８ー５,06-4804-3173,一般,
医療法人　藤井内科医院,大阪市此花区西九条１―３４―１９,06-6462-1913,一般,
医療法人やすだ医院,大阪市此花区西九条３―８―１１,06-6463-5446,一般,
よねだ内科・皮フ科,大阪市此花区西九条４－３－３４ セントメディックビル３階,06-6466-1001,一般,１２歳以上接種対応可
社会福祉法人大阪暁明館　大阪暁明館病院,大阪市此花区西九条５－４－８,"医院のホームページ
からのみ予約受付",一般,１２歳以上接種対応可
医療法人村川医院,大阪市此花区伝法２ー４ー２９,"06-6463-1222
06-4804-3181",一般,１２歳以上接種対応可
医療法人晴恵会　安田クリニック,大阪市此花区伝法２ー５ー１,06-6463-1000,一般,１２歳以上接種対応可
医療法人　石見医院,大阪市此花区伝法５―４―６０,06-6468-9333,一般,
医療法人医方会　奥見診療所,大阪市此花区伝法６―３―２―１０１,06-6468-9589,一般,１２歳以上接種対応可
医療法人尚清会谷本医院,大阪市此花区酉島３－１８－２２,06-6469-1077,一般,１２歳以上接種対応可
医療法人　森内科,大阪市此花区梅香３―３３―１４,06-6460-5671,一般,１２歳以上接種対応可
沢井産婦人科医院,大阪市住吉区遠里小野３―４―８,06-6694-1115,一般,１２歳以上接種対応可
浦島医院,大阪市住吉区遠里小野４―９―１０,06-6696-0341,一般,
医療法人順風会　あびこ森村クリニック,大阪市住吉区我孫子1-7-6　,,一般,
医療法人銀嶺会　土田クリニック,大阪市住吉区我孫子西2-2-20,06-6608-0119,一般,
あびこ駅前つじもと整形外科医院,大阪市住吉区我孫子東2-7-38　クリニックステーションあびこ２階,06-6692-0222,一般,１２歳以上接種対応可
医療法人陽光会　市吉医院,大阪市住吉区我孫子東３―１―３５,06-6691-1674,一般,
医療法人　北谷医院,大阪市住吉区苅田７―８―４,06-6698-9757,一般,１２歳以上接種対応可
医療法人秀整会　長整形外科,大阪市住吉区山之内1-25-30　プレジール・アン・山之内１階,06-6607-8016,一般,１２歳以上接種対応可
医療法人惠愛会　クリニック畑森,大阪市住吉区山之内２―９―１１,06-6692-4819,一般,１２歳以上接種対応可
医療法人松風会多田耳鼻咽喉科医院,大阪市住吉区清水丘二丁目２３番２１号,06-6671-1058,一般,１２歳以上接種対応可
医療法人慶秋会　あきやまクリニック,大阪市住吉区千躰２－２－９,06-6674-8000,一般,１２歳以上接種対応可
高岡クリニック,大阪市住吉区大領４－２－１０　エトワールホダカ１階,06-6608-2400,一般,
医療法人光優会　西村クリニック,大阪市住吉区沢之町１－１－１６,070-2008-3777,一般,１２歳以上接種対応可
医療法人広畑医院,大阪市住吉区長居３―１２―１９,06-6691-3787,一般,
医療法人寿甲会　李クリニック,大阪市住吉区長居東１―２７―１７,,一般,１２歳以上接種対応可
医療法人上野会　上野会クリニック,大阪市住吉区長居東4-21-26,,一般,１２歳以上接種対応可
医療法人何クリニック,大阪市住吉区帝塚山西１―１―２３,06-6658-1500,一般,１２歳以上接種対応可
医療法人三幸会　小澤診療所,大阪市住吉区帝塚山東３―８―１５,06-6671-6780,一般,
医療法人錦秀会　阪和住吉総合病院,大阪市住吉区南住吉3丁目2-9,06-6692-1001,一般,
なかのクリニック,大阪市住之江区安立４―４―７,06-6678-5550,一般,１２歳以上接種対応可
医療法人健生会宮武医院,大阪市住之江区新北島１－９－２３,06-6683-5050,一般,
医療法人　糸氏医院,大阪市住之江区西加賀屋１－１－６,06-6681-2772,一般,１２歳以上接種対応可
むつみクリニック,大阪市住之江区西加賀屋3-12-16,06-6686-7623,一般,１２歳以上接種対応可
宇津医院,大阪市住之江区西住之江１―１１―３,06-6671-5091,一般,１２歳以上接種対応可
池川医院,大阪市住之江区中加賀屋２－１８－９,06-6681-1213,一般,１２歳以上接種対応可
医療法人健佑会　前田医院,大阪市住之江区中加賀屋２―８―１４,06-6681-1929,一般,１２歳以上接種対応可
黒岡医院,大阪市住之江区南加賀屋２－２－３５,06-6616-7808,一般,
はせがわ医院,大阪市住之江区南港東１―６―１―１１７,"080-6384-5002
月火木金9：30～12：30",一般,１２歳以上接種対応可
医療法人宮本医院,大阪市住之江区浜口西１―９―３１,,一般,
医療法人住吉内科,大阪市住之江区浜口西３―１２―５,電話予約受付不可,一般,１２歳以上接種対応可
てづか内科クリニック,大阪市住之江区粉浜１―１―３２　キリンドプラザ帝塚山２F,06-6675-0003,一般,１２歳以上接種対応可
七條医院,大阪市住之江区粉浜２―１―２４,06-6671-7138,一般,１２歳以上接種対応可
医療法人芳野会芳野医院,大阪市住之江区粉浜２―６―１２　粉浜モール１階,06-6673-6265,一般,１２歳以上接種対応可
松崎医院,大阪市住之江区粉浜３―３―２３,06-6678-0330,一般,１６歳以上接種対応可
社会医療法人三宝会　南港クリニック,大阪市住之江区北加賀屋2-11-8　北加賀屋千島ビル101号,,一般,１２歳以上接種対応可
医療法人福肇会　正木脳神経外科クリニック,大阪市城東区蒲生２―９―７,06-6930-1003,一般,
生活協同組合ヘルスコープおおさか　蒲生厚生診療所,大阪市城東区蒲生3-15-12,06-6931-3807,一般,
医療法人誠真会　関目病院,大阪市城東区関目２―１３―１３,06-6931-3211,一般,
医療法人はしもと診療所,大阪市城東区関目３－１１－２４,06-6936-8181,一般,１６歳以上接種対応可
城東なかいクリニック,大阪市城東区関目3‐12‐31シャトー新関目1階,06-6931-8100,一般,１２歳以上接種対応可
さかぐち診療所,大阪市城東区関目４―６―１０　コーポミカミ１Ｆ,06-6930-3577,一般,１２歳以上接種対応可
医療法人秀奈会　きょうクリニック,大阪市城東区関目５―１６―１９　１０３号,06-6935-7655,一般,
医療法人　中浜医院,大阪市城東区古市２―３―１９　シルバーハイツ１Ｆ,06-6931-8163,一般,１２歳以上接種対応可
医療法人　久原診療所,大阪市城東区古市３―２４―１８,06-6939-3223,一般,１２歳以上接種対応可
柿本耳鼻咽喉科,大阪市城東区今福西3-8-22,,一般,１２歳以上接種対応可
かねみつクリニック,大阪市城東区今福東3-5-6　メディカルモール今福2階,06-6180-3530,一般,１２歳以上接種対応可
馬場内科・循環器科,大阪市城東区今福東３―１０―１８,06-6180-0307,一般,１２歳以上接種対応可
にしクリニック,大阪市城東区鴫野西5-1-24　ビエラタウン鴫野　JR鴫野駅NKビル２階,06-6167-7700,一般,１２歳以上接種対応可
にのみやこどもクリニック,大阪市城東区鴫野東2-11-15　１F,06-6967-2038,一般,１２歳以上接種対応可
福田医院,大阪市城東区鴫野東２―１２―２,06-6961-3279,一般,１２歳以上接種対応可
おおにし内科・小児科,大阪市城東区諏訪１－１６－４,06-6965-3700,一般,１２歳以上接種対応可
医療法人潤優会　松谷クリニック,大阪市城東区諏訪１―１８―５,090-2030-6695,一般,１２歳以上接種対応可
医療法人山中医院,大阪市城東区諏訪１―３―１,06-6961-1951,一般,１２歳以上接種対応可
大西診療所,大阪市城東区諏訪４―１７―１,,一般,
いわた脳神経外科クリニック,大阪市城東区成育2-13-27 クリニックステーション野江1-B,080-1377-9885,一般,１２歳以上接種対応可
生活協同組合ヘルスコープおおさか　のえ生協診療所,大阪市城東区成育４－２９－５,06-6931-6213,一般,
セントラルクリニック岡本,大阪市城東区中央２－１５－１３　ニュー京阪マンション１階,06-6923-8000,一般,
医療法人有光会　サトウ病院,大阪市城東区東中浜１―２―２３,06-6961-3191,一般,１２歳以上接種対応可
医療法人　奥井内科クリニック,大阪市城東区東中浜２―７―５,06-6961-3761,一般,１６歳以上接種対応可
大楠病院,大阪市生野区舎利寺2-10-14,06-6712-0271,一般,
大柳こどもクリニック,大阪市生野区舎利寺２－１４－５,06-6712-2060,一般,
医療法人芥川会芥川病院,大阪市生野区勝山南４―４―１８,06-6712-1023,一般,
こう内科クリニック,大阪市生野区勝山北２－１７－１７,06-6715-7101,一般,
医療法人くぼたこどもクリニック,大阪市生野区勝山北２－６－１８,"クリニックホームページの
予約サイトにて受付",一般,１２歳以上接種対応可
医療法人　桓心会　夫整形外科,大阪市生野区勝山北２―１１―２７,06-6711-2854,一般,
医療法人　第一医院,大阪市生野区勝山北５―１８―９,06-6716-0562,一般,
医療法人たまき耳鼻咽喉科,大阪市生野区新今里２―６―２４,,一般,１２歳以上接種対応可
医療法人相生会相生病院,大阪市生野区生野西３―２―５,06-6731-0201,一般,
訪問診療クリニック麒麟,大阪市生野区生野西４－１４－１２,080-3541-9216,一般,１２歳以上接種対応可
ナチュラルクリニック,大阪市生野区巽南3-15-12　１F ,06-4307-5831,一般,
ひらたクリニック,大阪市生野区田島２―２―２５,06-6758-5151,一般,１２歳以上接種対応可
ゆきおかクリニック,大阪市生野区桃谷2-17-18,06-6718-3939,一般,
医療法人御幸会　御幸森キムクリニック,大阪市生野区桃谷４ー５ー１３,,一般,１２歳以上接種対応可
生活協同組合ヘルスコープおおさか田島診療所,大阪市生野区林寺５―１２―１８,06-6711-3711,一般,
孫クリニック,大阪市生野区鶴橋１―３―８,06-6717-5050,一般,
髙橋診療所,大阪市生野区鶴橋３―７―１４,06-6717-7700,一般,１２歳以上接種対応可
医療法人仁生会　内藤病院,大阪市西区九条１－１５－２３,06-6581-0085,一般,
医療法人優彩会整形外科おうクリニック,大阪市西区九条１―１４―３　新道ハイツ１階,06-6581-8800,一般,
藤田外科・胃腸科,大阪市西区九条1丁目14-24,06-6586-2866,一般,１２歳以上接種対応可
医療法人　佐々医院,大阪市西区九条３－２３－６,06-6581-2070,一般,１２歳以上接種対応可
医療法人名山会　上杉医院,大阪市西区九条３―２０―１４,06-6582-1800,一般,１２歳以上接種対応可
健クリニック,大阪市西区江戸堀１―１１―４ 損保ジャパン日本興亜肥後橋ビル１階,080-3858-7500,一般,
医療法人聖会　池澤クリニック,大阪市西区江戸堀１―１５―２７ アルテビル肥後橋２Ｆ,06-6445-8810,一般,１６歳以上接種対応可
めぐみ耳鼻咽喉科アレルギー科,大阪市西区新町４－６－２３,06-6543-8733,一般,１２歳以上接種対応可
医療法人　天方会　ＡＭＡ　Ｃｌｉｎｉｃ,大阪市西区西本町１－７－１９ワイダ本町ビル１階,06-4391-1127,一般,
医療法人　良和会　松浦内科クリニック,大阪市西区西本町３－１－１ 岡崎橋セントラルビル４階,06-6541-1187,一般,１６歳以上接種対応可
ありずみ消化器内科,大阪市西区南堀江２丁目４−１　はなさきビル3階,06-6648-8554,一般,
耳鼻咽喉科岸本医院,大阪市西区南堀江4-16-16　イイダビル3-2階,06-6533-1881,一般,１２歳以上接種対応可
じっしょう内科,大阪市西区本田２－１－２,06-6586-2240,一般,１２歳以上接種対応可
CSクリニック,大阪市西区京町堀1-8-5　明星ビル1F,06-6448-3653,一般,
医療法人　敬詢会　永田医院,大阪市西区京町堀２―１０―２１,090-8380-7831,一般,１２歳以上接種対応可
京町堀内科外科クリニック,大阪市西区京町堀2丁目11-18 AXIS京町堀1F,090-7340-1107,一般,
医療法人花園橋村医院,大阪市西成区花園北２―１５―２９,06-6641-2130,一般,１２歳以上接種対応可
医療法人五常会　浅野クリニック,大阪市西成区岸里東1-8-11,06-6661-7129,一般,１２歳以上接種対応可
医療法人　ひらい医院,大阪市西成区橘3-4-6,06-6661-3789,一般,
やまもとよりそいクリニック,大阪市西成区玉出西1-8-8 ,06-6652-0222,一般,１２歳以上接種対応可
赤松内科クリニック,大阪市西成区玉出西２－４－８,クリニックホームページよりネット予約,一般,１２歳以上接種対応可
医療法人つばさ会　つばさクリニック,大阪市西成区玉出西二丁目１４番１８号,06-6653-6611,一般,１２歳以上接種対応可
美濃クリニック,大阪市西成区玉出中１―４―１７　東宝ビル１Ｆ,06-6655-5218,一般,１２歳以上接種対応可
医療法人弘仁会　まちだ胃腸病院,大阪市西成区山王１―１―１５,070-6800-2579,一般,
医療法人紫陽会　延安医院,大阪市西成区千本中２―１―２９,06-6651-3656,一般,１２歳以上接種対応可
医療法人純和会　竹本診療所,大阪市西成区千本北２－３１－１,06-6661-0439,一般,１２歳以上接種対応可
医療法人靖英会　玉井クリニック,大阪市西成区太子２―３―１１,06-6641-1933,一般,１２歳以上接種対応可
医療法人　今村医院,大阪市西成区潮路２―２―４,06-6658-3001,一般,１２歳以上接種対応可
医療法人生樹会　渡辺病院,大阪市西成区天下茶屋１―１５―１,090-6609-6318,一般,
加納診療所,大阪市西成区天神ノ森1-12-22,06-6115-8676,一般,
医療法人　溝口医院,大阪市西成区南津守７－５－７メゾン赤松１階１－Ａ号室,06-6656-5269,一般,１６歳以上接種対応可
横谷医院,大阪市西成区梅南１―２―３７,,一般,１２歳以上接種対応可
にしきおりクリニック,大阪市西成区鶴見橋1-4-32,06-6641-3387,一般,１２歳以上接種対応可
医療法人若泉会　ふじもとクリニック,大阪市西成区鶴見橋2丁目6番21号アーバンハイツK,06-6563-3838,一般,
名取病院,大阪市西淀川区大野２丁目１－３２,06-6474-0506,一般,
医療法人康和会苗加病院,大阪市西淀川区姫里二丁目１７番２１号,06-6471-0015,一般,
さいとう整形外科,大阪市大正区三軒家西１―２―７,06-6554-3636,一般,１２歳以上接種対応可
医療法人愛信会石村整形外科,大阪市大正区小林西２―２―５,06-6555-4455,一般,１２歳以上接種対応可
医療法人しまもとクリニック,大阪市大正区千島３－１１－４,06-6555-8655,一般,１２歳以上接種対応可
荘田診療所,大阪市大正区泉尾１―８―１６,06-6551-0041,一般,
医療法人　一ノ名医院,大阪市大正区平尾４―２２―１３,06-6551-0286,一般,１２歳以上接種対応可
笠井医院,大阪市大正区北村２－５－１０,070-8489-2274,一般,１２歳以上接種対応可
医療法人美龍会　はやしレディース肛門泌尿器科クリニック,大阪市中央区安堂寺町2-6-3　アイズワンⅢ2階,06-6770-5514,一般,
船場医院　大山,大阪市中央区久太郎町４―２―７,06-6251-6149,一般,
加納医院,大阪市中央区玉造１―１１―３,06-6762-3618,一般,１２歳以上接種対応可
うえに生協診療所,大阪市中央区玉造１―８―７,06-4304-3120,一般,
杉林内科クリニック,大阪市中央区高麗橋１―５―１１ 北浜旭ビル２階,06-6202-2212,一般,
北浜よしおか内科クリニック,大阪市中央区高麗橋一丁目７番３号ザ・北浜プラザ３Ｆ,06-6202-3330,一般,１６歳以上接種対応可
水上クリニック,大阪市中央区松屋町３番２９号,06-6768-5858,一般,１２歳以上接種対応可
医療法人保健厚生会佐伯クリニック,大阪市中央区上本町西５―３―９,06-6761-4787,一般,１２歳以上接種対応可
医療法人再生会　そばじまクリニックニューオータニ大阪院,大阪市中央区城見1-4-1　ホテルニューオータニ大阪626・627号室,06-6949-2525,一般,１２歳以上接種対応可
安田クリニック,大阪市中央区心斎橋筋１―４―７,06-6252-7010,一般,１２歳以上接種対応可
しみずクリニック,大阪市中央区千日前1丁目虹のまち5-3,06-6211-4320,一般,
船場センタービル白石耳鼻咽喉科,大阪市中央区船場中央２―１―４ 船場センタービル４号館４０３,06-6262-3345,一般,１６歳以上接種対応可
医療法人　山田医院,大阪市中央区谷町６―１７―２１,06-6762-0936,一般,１６歳以上接種対応可
医療法人松本内科クリニック,大阪市中央区谷町６―３―２,06-6768-6611,一般,１２歳以上接種対応可
ゴールドクリニック,大阪市中央区淡路町1-3-6,,一般,１２歳以上接種対応可
はしもとクリニック,大阪市中央区島町１－１－３　愛生ビル３階,06-6947-7585,一般,１２歳以上接種対応可
小畠クリニック,大阪市中央区東心斎橋２―５―２７ 幸田ビル３Ｆ,06-6211-2119,一般,
医療法人英和会　センタークリニック,大阪市中央区徳井町1-2-11,06-6945-0789,一般,
医療法人　白永会　コスモメディカルクリニック,大阪市中央区南久宝寺町二丁目１番９号船場メディカルビル８Ｆ,06-6271-8801,一般,１２歳以上接種対応可
医療法人牟田会　牟田耳鼻咽喉科医院,大阪市中央区南船場　2-5-9,06-6261-5000,一般,
じょうまえクリニック,大阪市中央区南船場1丁目9－1ワイケー南船場ビル2階,06-6210-3451,一般,１２歳以上接種対応可
心斎橋美容外科,大阪市中央区南船場3-10-28　4階,06-6245-5537,一般,１２歳以上接種対応可
医療法人　東迎会　東迎クリニック,大阪市中央区南船場３－３－５ ＯＫＴビル２Ｆ,06-6281-1552,一般,
医療法人京春会　いわもとクリニック,大阪市中央区南船場３丁目５番１１号心斎橋フロントビル４階,06-6484-5208,一般,１２歳以上接種対応可
医療法人大須賀内科,大阪市中央区南船場4-11-19　心斎橋鉄田ビル3F,06-6243-5757,一般,
医療法人一山十会　クリニーク大阪心斎橋,大阪市中央区南船場三丁目１２番３号心斎橋セントビル５階,,一般,１２歳以上接種対応可
岩佐診療所,大阪市中央区難波３―５―１７　北極星ビル３階,050-3304-1331,一般,１２歳以上接種対応可
医療法人政明会　春次医院,大阪市中央区博労町2-6-1,06-6245-1251,一般,
曲直部クリニック,大阪市中央区伏見町２―５―７ 岡田伏見町ビル２Ｆ,06-6226-4080,一般,１２歳以上接種対応可
医療法人厚匠会　うえだ医院,大阪市中央区本町四丁目２番１２号野村不動産御堂筋本町ビル４階,06-6251-8290,一般,１２歳以上接種対応可
たにやまクリニック,大阪市天王寺区国分町１９番４号　寺田町クリニックビル２階,06-6771-7070,一般,１２歳以上接種対応可
医療法人　竹中消化器科・外科クリニック,大阪市天王寺区国分町５―７ 藤田ビル,06-6772-2970,一般,１６歳以上接種対応可
医療法人淑蘭会　上本町ヒロミレディースクリニック,大阪市天王寺区上本町６－６－２６　上六光陽ビル３Ｆ,06-6777-8824,一般,１２歳以上接種対応可
医療法人亥埜クリニック,大阪市天王寺区上本町６－９－１７　上六日光ビル２階,080-6213-8788,一般,１６歳以上接種対応可
医療法人富喜会　おおさき内科クリニック,大阪市天王寺区上本町六丁目９番２１号フュージョンプラスビル１階,06-4303-5010,一般,１２歳以上接種対応可
上本町リウマチこまちクリニック,大阪市天王寺区石ヶ辻町13‐14,06-6775-1025,一般,１２歳以上接種対応可
つぢ医院,大阪市天王寺区茶臼山町2-8,06-6771-3306,一般,１２歳以上接種対応可
医療法人　谷口クリニック,大阪市天王寺区堂ケ芝２－１３－２０ 堂ヶ芝ビル,06-6776-5580,一般,１２歳以上接種対応可
医療法人湯川胃腸病院,大阪市天王寺区堂ケ芝２―１０―２,06-6771-4861,一般,
早石病院,大阪市天王寺区筆ヶ崎町2-75,,一般,
医療法人松徳会桃山クリニック,大阪市天王寺区筆ケ崎町２―２２ ＶＩＴＡ　ＭＯＭＯＹＡＭＡ２階,06-6773-8306,一般,
医療法人正啓会　西下胃腸病院,大阪市天王寺区北河堀町4番15号,06-6771-2450,一般,１２歳以上接種対応可
医療法人医道会　中島医院,大阪市東住吉区照ケ丘矢田１―１０―１５,06-6701-0263,一般,
医療法人誠信会　三和クリニック,大阪市東住吉区照ケ丘矢田一丁目１７番７号,06-6777-8802,一般,１２歳以上接種対応可
医療法人大屋耳鼻咽喉科,大阪市東住吉区針中野３―１２―１９,06-6702-8659,一般,１２歳以上接種対応可
医療法人　はまだ医院,大阪市東住吉区鷹合１―１４―７,06-6692-0867,一般,１２歳以上接種対応可
医療法人太子会おおしろクリニック,大阪市東住吉区鷹合１―１７―３０,06-6608-0046,一般,１２歳以上接種対応可
坂田医院,大阪市東住吉区鷹合２―３―２７,06-6692-3669,一般,
医療法人若葉会　上田医院,大阪市東住吉区鷹合３―１６―１８,06-6692-3773,一般,１２歳以上接種対応可
北島クリニック,大阪市東住吉区鷹合４－１３－１７,06-6691-6898,一般,
東和病院,大阪市東住吉区田辺4-13-15,,一般,１２歳以上接種対応可
西村医院,大阪市東住吉区東田辺３―２３―４,06-6608-6008,一般,
ゆみね内科小児科,大阪市東住吉区湯里２－２０－１２,06-6706-3330,一般,１２歳以上接種対応可
医療法人玄竜会　田辺駅前クリニック,大阪市東住吉区北田辺６－１６－３０,06-6622-0700,一般,１６歳以上接種対応可
上山クリニック,大阪市東住吉区矢田2-5-6　グランドフォーム細田1階,06-6698-1302,一般,
医療法人　大庭医院,大阪市東成区玉津２―１４―２９,06-6971-2910,一般,１２歳以上接種対応可
医療法人みゆき会　よつ葉クリニック,大阪市東成区大今里３－１４－２３,06-6976-0048,一般,１２歳以上接種対応可
医療法人優会　目黒クリニック,大阪市東成区大今里西１－２６－５　ロハスプラザ今里２０２,06-6977-3355,一般,
医療法人こんどう耳鼻咽喉科クリニック,大阪市東成区大今里西１－２６－５　ロハスプラザ今里２０３,06-6973-3387,一般,１２歳以上接種対応可
医療法人中田クリニック,大阪市東成区大今里西１―６―３３,06-6974-6545,一般,１２歳以上接種対応可
医療法人野中会　東成病院,大阪市東成区大今里西２―７―１７,070-1265-9611,一般,１２歳以上接種対応可
高クリニック,大阪市東成区大今里南３―１３―１３,06-6973-0065,一般,
医療法人　公道会　公道会病院,大阪市東成区大今里南5-4-9,070-5435-2258,一般,１６歳以上接種対応可
医療法人明青会　たまつくりクリニック,大阪市東成区中道３－１６－１５　ソレアード玉造１階,06-6972-0316,一般,１２歳以上接種対応可
医療法人　中本会　中本病院,大阪市東成区中道４―１３―１２,06-6972-2133,一般,１２歳以上接種対応可
ハナオカ消化器・内視鏡内科,大阪市東成区東小橋1-9-19 NKビル２F,06-4306-5422,一般,１２歳以上接種対応可
りゅう耳鼻咽喉科クリニック,大阪市東成区東小橋1-9-19JR玉造駅NKビル５F,06-6977-8133,一般,
医療法人あさい内科,大阪市東成区東小橋3-17-1,06-6978-0110,一般,１２歳以上接種対応可
医療法人隆福会　福川内科クリニック,大阪市東成区東小橋３―１７―７,06-6974-2338,一般,
すがま呼吸器内科・整形外科,大阪市東成区東中本2-15-2,06-6981-7770,一般,１２歳以上接種対応可
前田診療所,大阪市東成区東中本２―１６―１９,06-6977-1955,一般,
医療法人神愛会　宮本クリニック,大阪市東成区神路３―１０―４,06-6975-0115,一般,
増田小児科医院,大阪市東成区神路４－５－９,06-6976-3171,一般,
医療法人島田クリニック　しまだ訪問診療クリニック,大阪市東淀川区上新庄1丁目2番８Wellife上新庄1階,06-6327-3777,一般,
医療法人いしかわ耳鼻咽喉科クリニック,大阪市東淀川区淡路４－４－１０,06-6322-6807,一般,１６歳以上接種対応可
岡部内科クリニック,大阪市東淀川区東淡路４―１０―２,06-6815-8100,一般,
Doctor's Fitness 診療所,大阪市東淀川区東中島1-21-31-205,06-6379-3435,一般,１２歳以上接種対応可
中井医院,大阪市東淀川区東中島２―２０―７　シュウライフ新大阪１Ｆ,06-6323-5218,一般,１２歳以上接種対応可
かわさき消化器内科クリニック,大阪市平野区瓜破2-1-4,06-6708-3878,一般,
医療法人酒井診療所,大阪市平野区瓜破東２―７―５５,06-6700-0303,一般,１２歳以上接種対応可
高木レディースクリニック,大阪市平野区加美東１―１３―４４　OTMビル３F,"06-4303-6222
女性のみ接種可能",一般,１２歳以上接種対応可
医療法人雄誠会ミスミ診療所,大阪市平野区加美東２―３―３,06-6793-2826,一般,１６歳以上接種対応可
医療法人柏木会　柏木クリニック,大阪市平野区加美南5-6-7,06-6793-2772,一般,１６歳以上接種対応可
医療法人医心堂キムクリニック,大阪市平野区加美北１―７―７,06-6758-2510,一般,
医療法人川満整形外科,大阪市平野区喜連西４―６―６９―１０１,06-6700-0111,一般,１２歳以上接種対応可
森脇耳鼻咽喉科,大阪市平野区喜連西４―７―３３　インペリアルカーサ１階,06-6700-6400,一般,１２歳以上接種対応可
医療法人実恒会　ながはまクリニック,大阪市平野区長吉出戸２―４―２７,06-6760-1002,一般,１６歳以上接種対応可
村上クリニック,大阪市平野区長吉長原２―２―６６,06-6709-1195,一般,
医療法人　細川医院,大阪市平野区長吉長原３―７―１５,06-6709-8210,一般,１２歳以上接種対応可
医療法人慈光会　中谷医院,大阪市平野区長吉長原４―１―１７,06-6708-6345,一般,１２歳以上接種対応可
医療法人栄和会　大同クリニック　長原院,大阪市平野区長吉長原東２－２－２５,06-6776-2228,一般,１２歳以上接種対応可
医療法人吉田整形外科クリニック,大阪市平野区長吉長原東３―２―５　クレストサンシェル１Ｆ,06-6799-3800,一般,１６歳以上接種対応可
医療法人岡部耳鼻咽喉科医院,大阪市平野区長吉六反２―６―３９,06-6709-4849,一般,１２歳以上接種対応可
なかのクリニック,大阪市平野区背戸口５－５－６,06-6702-1230,一般,
はまクリニック,大阪市平野区平野元町１０－２３ １０１号,06-6794-5050,一般,
柳医院,大阪市平野区平野南４－２－３,06-6707-2525,一般,１２歳以上接種対応可
医療法人谷村会谷村外科・内科,大阪市平野区平野南一丁目１０番２４号,090-6666-9345,一般,１２歳以上接種対応可
医療法人孝至会　みのりクリニック,大阪市平野区平野北１－９－８　武陵平野駅前医療複合ビル２階,06-6796-3110,一般,１２歳以上接種対応可
医療法人智絢会　葵クリニック,大阪市平野区平野北2丁目14番6号オオクラ医療複合ビル1階,06-6796-2251,一般,１２歳以上接種対応可
古川耳鼻咽喉科,大阪市平野区流町１―１―６,06-6707-1188,一般,１２歳以上接種対応可
髙橋クリニック,大阪市平野区流町3-12-25,"06-6709-5668
受付時間は17時～19時
（木、土、日、祝）",一般,１２歳以上接種対応可
長岡医院,大阪市平野区流町４―１０―１,06-6799-1077,一般,１２歳以上接種対応可
このまち健診クリニック東天満,大阪市北区東天満1‐1‐15,06-6948-5303,一般,
M's CLINIC 梅田駅前,大阪市北区堂山町18-2　若杉東梅田ビル５F,06-6311-5770,一般,１２歳以上接種対応可
もりた堂島クリニック,大阪市北区堂島１－６－２０　堂島アバンザ５階,06-6345-0946,一般,
福永診療所,大阪市北区堂島２－１－４３,06-6348-1667,一般,１６歳以上接種対応可
堂島内科・消化器内科クリニック,大阪市北区堂島2-4-27　新藤田ビルB1F,06-6343-1000,一般,
大阪梅田　形成外科・リンパ浮腫　LSクリニック,大阪市北区梅田1-11-4　大阪駅前第４ビル　6F,06-6341-2212,一般,
梅田内科ファミリークリニック,大阪市北区梅田１－８－１６　ヒルトンプラザイースト５階,06-6341-8008,一般,１２歳以上接種対応可
医療法人国崇会　北中レディースクリニック,大阪市北区梅田２－２－２　ヒルトンプラザウェスト４Ｆ,06-6348-1404,一般,１６歳以上接種対応可
医療法人メディカル春日会　革嶋クリニック,大阪市北区梅田２－４－１３　阪神産経桜橋ビル２Ｆ,06-6455-2000,一般,
今村クリニック,大阪市北区梅田３―１―１　サウスゲートビル１７階,06-6341-5881,一般,１６歳以上接種対応可
大阪ヘルスケアクリニック,大阪市北区本庄東1-22-1,,一般,１２歳以上接種対応可
みずのクリニック,大阪市北区本庄東２－１０－２１　メゾンドアヴェルＩＶ　１階,06-6459-7680,一般,１２歳以上接種対応可
まさもと耳鼻咽喉科アレルギー科,大阪市淀川区宮原４－３－１２　新大阪明幸ビル１０３,06-6395-3387,一般,１２歳以上接種対応可
おおつきクリニック,大阪市淀川区三国本町２―１８―３０　市岡ビル４階,06-6150-1880,一般,
東淀川病院,大阪市淀川区三国本町３―１８―３,,一般,１２歳以上接種対応可
かわばたレディスクリニック,大阪市淀川区十三東2-5-15　アーリーアーク１階,06-6308-7660,一般,１２歳以上接種対応可
よどがわ内科クリニック,大阪市淀川区十三東２丁目９番１０号十三駅前医療ビル２階,,一般,１６歳以上接種対応可
医療法人　細江クリニック,大阪市淀川区十三東３―５―１３,06-6303-7814,一般,１２歳以上接種対応可
医療法人医伸会　高岡クリニック,大阪市淀川区西宮原3-3-3ファミールハイツ北大阪3号棟101,06-6392-7876,一般,１２歳以上接種対応可
貴生病院,大阪市淀川区西三国1-18-4,,一般,１２歳以上接種対応可
医療法人新医会　山崎クリニック,大阪市淀川区西三国１－２１－３６　カトレアハイツ1階1号室,06-6392-1650,一般,１２歳以上接種対応可
医療法人はるなクリニック,大阪市淀川区西三国１－３－１３　ウイング青山２０２号室,,一般,１２歳以上接種対応可
医療法人敬節会　西中島クリニック,大阪市淀川区西中島３―２―１１,06-6301-5591,一般,
堀クリニック,大阪市淀川区西中島5-9-5　NLC新大阪ビル６階,06-6886-6622,一般,
医療法人すみれ会　今井クリニック,大阪市淀川区西中島6-5-21　グリットビル　２F,06-6829-7926,一般,
吉村内科クリニック,大阪市淀川区東三国２―３８―３　トーヨーハイロンビル１Ｆ,06-6396-0388,一般,１２歳以上接種対応可
医療法人修真会福井整形外科,大阪市淀川区東三国４―１―８,,一般,１２歳以上接種対応可
医療法人吉田医院,大阪市淀川区東三国６－１８－２７,06-6398-3905,一般,１２歳以上接種対応可
笹岡医院,大阪市浪速区元町３―９―１０,06-6647-2201,一般,
医療法人泰弘会えびす診療所,大阪市浪速区戎本町１―６―２２　ニューサノビル１Ｆ,,一般,１６歳以上接種対応可
医療法人正光会　橋村医院,大阪市浪速区大国２－６－１１,06-6641-6512,一般,１２歳以上接種対応可
医療法人　木下医院,大阪市浪速区日本橋５―４―５,06-6631-1078,一般,１２歳以上接種対応可
吉野眼科クリニック,大阪市浪速区敷津西2-2-11,,一般,１２歳以上接種対応可
社会医療法人寿会　富永病院,大阪市浪速区湊町１－４－４８,,一般,
医療法人創和会　そうわ内科クリニック,大阪市浪速区浪速東３－９－１,06-6626-9939,一般,１２歳以上接種対応可
なかえびえ整形外科,大阪市福島区海老江５－６－１１,06-6345-3553,一般,１２歳以上接種対応可
医療法人　美和会　平成野田クリニック,大阪市福島区吉野１－２２－１８,06-6448-5247,一般,
医療法人AWNC　きし脳神経外科リハビリクリニック,大阪市福島区吉野3-22-17,06-6476-8988,一般,
耳鼻咽喉科ふじい医院,大阪市福島区玉川１―７―４,,一般,
医療法人芳朱会　前田ファミリークリニック,大阪市福島区大開３－１－２－１２６,06-6464-1527,一般,
医療法人燦惠会　首藤病院,大阪市福島区野田５―１８―１６,06-6461-1537,一般,
くらます耳鼻咽喉科クリニック,大阪市福島区福島１－１－５１　堂島クロスウォーク４Ｆ,06-6343-3387,一般,１２歳以上接種対応可
水都メディカルクリニック,大阪市福島区福島１－１－５１　堂島クロスウォーク４Ｆ,06-6451-9020,一般,１２歳以上接種対応可
浄正診療所,大阪市福島区福島２―１０―２３,06-6451-0565,一般,１２歳以上接種対応可
医療法人康心会消化器内視鏡クリニック大阪福島院,大阪市福島区福島５－１８－２５ 阪神エヌケー共同ビル３階,06-6454-9000,一般,
こおりやま小児科,大阪市都島区善源寺町２－２－２２　２Ｆ,06-6926-1155,一般,１２歳以上接種対応可能
医療法人　武内小児科・内科,大阪市都島区善源寺町２ー３ー２５,06-6922-4158,一般,１２歳以上接種対応可能
こうり眼科クリニック　,大阪市都島区善源寺町一丁目５番５４号都島高砂ビル５階,06-6929-4345,一般,１２歳以上接種対応可能
鈴木内科クリニック,大阪市都島区東野田町２―９―７　Ｋ２ビル１階,06-6351-1002,一般,１２歳以上接種対応可能
耳鼻咽喉科いわはしクリニック,大阪市都島区内代町2-7-3　オカダ本館ビル１階,,一般,１２歳以上接種対応可能
柏井内科,大阪市都島区友渕町１―６―３　ローレルスクエア都島ノースウィング１階,06-6926-3101,一般,１6歳以上接種対応可能
ふみもとクリニック,大阪市都島区友渕町２－１５－７　ＭＹＳビル２Ｆ,080-1494-4483,一般,１２歳以上接種対応可能
大阪市立総合医療センター,大阪市都島区都島本通２丁目１３－２２,06-6929-3641,一般,
医療法人俊佑会　玉岡耳鼻咽喉科,大阪市鶴見区今津南１―６―２６,06-6963-8701,一般,１２歳以上接種対応可
服部クリニック,大阪市鶴見区今津北５－１１－１２　ＡＣＬクリニックモール２階,06-6180-8031,一般,
寺内クリニック,大阪市鶴見区浜３―２―３,,一般,
藍の都脳神経外科病院,大阪市鶴見区放出東２－２１－１６,"①080-9126-0353
②080-4495-2981
③070-1786-5140",一般,１２歳以上接種対応可
医療法人晃和会　北田医院,大阪市鶴見区放出東２―４―１,06-6961-2817,一般,１２歳以上接種対応可
すなみ内科クリニック,大阪市鶴見区放出東３―２１―５０　ＪＲ放出駅ＮＫビル２０１,06-4258-1114,一般,１２歳以上接種対応可
医療法人峻正会　長谷川医院,大阪市鶴見区諸口４―１５―１５,,一般,１２歳以上接種対応可
コープおおさか病院,大阪市鶴見区鶴見３―６―２２,0570-06-1100,一般,
橋内耳鼻咽喉科,大阪市鶴見区鶴見４―１６―４６,090-4288-3387,一般,１２歳以上接種対応可
